catalogd-controller-manager-749cdb9878-npspz,manager,886554n,13116Ki
catalogd-controller-manager-749cdb9878-npspz,manager,886554n,13116Ki
catalogd-controller-manager-749cdb9878-npspz,manager,886554n,13116Ki
catalogd-controller-manager-749cdb9878-npspz,manager,1165181n,13116Ki
catalogd-controller-manager-749cdb9878-npspz,manager,1165181n,13116Ki
catalogd-controller-manager-749cdb9878-npspz,manager,1165181n,13116Ki
catalogd-controller-manager-749cdb9878-npspz,manager,919188n,13116Ki
catalogd-controller-manager-749cdb9878-npspz,manager,919188n,13116Ki
catalogd-controller-manager-749cdb9878-npspz,manager,919188n,13116Ki
catalogd-controller-manager-749cdb9878-npspz,manager,796282n,13116Ki
catalogd-controller-manager-749cdb9878-npspz,manager,796282n,13116Ki
catalogd-controller-manager-749cdb9878-npspz,manager,796282n,13116Ki
catalogd-controller-manager-749cdb9878-npspz,manager,835579n,13116Ki
catalogd-controller-manager-749cdb9878-npspz,manager,835579n,13116Ki
catalogd-controller-manager-749cdb9878-npspz,manager,835579n,13116Ki
catalogd-controller-manager-749cdb9878-npspz,manager,875964n,13116Ki
catalogd-controller-manager-749cdb9878-npspz,manager,875964n,13116Ki
catalogd-controller-manager-749cdb9878-npspz,manager,875964n,13116Ki
catalogd-controller-manager-749cdb9878-npspz,manager,875964n,13116Ki
catalogd-controller-manager-749cdb9878-npspz,manager,875964n,13116Ki
catalogd-controller-manager-749cdb9878-npspz,manager,875964n,13116Ki
catalogd-controller-manager-749cdb9878-npspz,manager,850254n,13116Ki
catalogd-controller-manager-749cdb9878-npspz,manager,850254n,13116Ki
catalogd-controller-manager-749cdb9878-npspz,manager,850254n,13116Ki
